Corr,Fration,Item ID,Realm
-0.807442337609786,alliance,6422.0,zuljin
0.7174762346724309,alliance,15529.0,zuljin
-0.7771953467194936,horde,36385.0,proudmoore
0.7011281242832823,alliance,14792.0,frostmourne
0.8173829850885237,horde,15432.0,frostmourne
0.7483401447732615,horde,36327.0,frostmourne
